{
	"Stick" : {
		"alternatives": [
			[
				0, 1, 0,
				0, 1, 0,
				0, 0, 0
			], 
			[
				1, 0, 0,
				1, 0, 0,
				0, 0, 0
			], 
			[
				0, 0, 1,
				0, 0, 1,
				0, 0, 0
			], 
			[
				0, 0, 0,
				1, 0, 0,
				1, 0, 0
			], 
			[
				0, 0, 0,
				0, 1, 0,
				0, 1, 0
			], 
			[
				0, 0, 0,
				0, 0, 1,
				0, 0, 1
			]
			
		],
		"resultID": 2
	},
	"Polished Steel": {
		"alternatives": [
			[
				3, 3, 0,
				3, 3, 0,
				0, 0, 0
			],
			[
				0, 3, 3,
				0, 3, 3,
				0, 0, 0
			],
			[
				0, 0, 0,
				3, 3, 0,
				3, 3, 0
			],
			[
				0, 0, 0,
				0, 3, 3,
				0, 3, 3
			]
		],
		"resultID": 4
	},
	"Arrow": {
		"alternatives": [
			[
				0, 4, 0,
				0, 2, 0,
				0, 2, 0
			],
			[
				4, 0, 0,
				2, 0, 0,
				2, 0, 0
			],
			[
				0, 0, 4,
				0, 0, 2,
				0, 0, 2
			]
		],
		"resultID": 5
	},
	"Quiver": {
		"alternatives": [
			[
				5, 5, 5,
				6, 6, 6,
				6, 6, 6
			]
		],
		"resultID": 7
	}
}